order_id,product_id,quantity,unit_price
1,6,2,369
1,1,2,361
1,12,1,201
2,10,2,471
2,3,4,32
2,4,2,397
2,11,3,420
3,5,1,215
3,3,1,459
4,8,3,440
4,6,2,134
5,7,3,462
5,6,1,415
6,7,1,469
6,11,3,111
6,9,3,39
6,6,1,325
6,1,4,196
7,10,2,150
7,9,1,382
7,2,4,20
7,7,2,206
8,10,3,279
8,6,3,361
8,2,4,187
9,9,4,360
9,3,4,366
9,4,2,335
10,9,2,240
10,1,3,258
10,5,4,246
10,10,2,281
11,5,3,67
12,4,1,43
12,12,2,263
12,3,1,253
13,4,2,355
13,7,1,477
13,8,1,418
13,11,4,132
13,12,2,431
14,1,4,88
14,9,4,361
14,4,3,406
14,2,4,333
15,9,4,152
15,8,2,450
15,3,3,412
15,11,4,340
16,2,3,183
16,5,1,90
16,4,2,138
16,11,4,375
17,2,4,189
17,7,4,232
18,7,4,23
18,10,3,172
18,1,4,456
18,12,4,295
19,4,4,34
19,8,4,192
19,12,4,390
19,5,2,450
19,7,4,490
20,1,4,89
20,7,4,113
20,10,1,153
20,12,4,187
20,2,2,252
21,5,4,29
21,7,1,199
21,12,2,352
21,2,1,419
22,4,2,449
23,4,4,362
23,3,1,308
24,6,1,418
24,3,2,179
24,10,1,316
25,11,2,72
25,7,3,455
25,12,1,427
25,4,1,197
25,2,4,358
26,11,1,241
26,6,3,345
26,1,4,382
26,7,2,242
26,8,2,395
27,10,4,243
27,9,3,185
27,8,2,445
28,4,3,34
28,8,4,455
28,10,3,113
28,7,4,128
29,5,1,284
29,10,2,63
29,12,2,388
30,4,1,170
30,8,2,227
30,11,2,176
30,10,3,262
30,1,3,237
31,6,3,148
31,8,2,81
31,5,2,181
32,4,4,161
32,12,3,71
33,6,3,27
33,3,2,160
34,5,3,260
34,3,4,245
34,8,3,114
34,2,1,149
34,1,4,78
35,2,2,435
35,10,3,63
35,1,2,80
35,3,4,330
36,9,4,485
36,7,4,172
37,10,1,410
37,12,2,340
37,1,2,155
38,4,1,100
38,3,1,229
39,8,3,379
39,5,4,56
39,1,2,493
39,4,3,423
39,11,2,237
40,11,3,443
40,3,2,56
41,10,4,83
41,12,4,372
41,5,3,378
42,9,4,396
42,8,3,329
42,11,3,33
42,2,1,137
42,1,1,411
43,1,3,112
43,3,4,345
43,8,4,66
43,9,4,198
43,10,4,190
44,3,3,230
45,11,1,252
45,7,1,181
45,9,3,185
46,1,1,116
46,11,3,338
46,9,4,340
46,8,4,409
46,7,1,124
47,5,4,82
47,8,1,342
48,5,1,302
48,9,4,67
49,2,3,280
49,11,3,232
49,3,4,261
49,8,2,253
50,4,1,161
50,10,4,194
50,9,3,440
50,3,1,164
51,10,4,196
51,11,3,302
51,8,4,253
51,3,3,465
51,12,2,377
52,4,4,381
52,7,4,217
52,1,2,273
52,6,1,84
53,2,4,27
53,8,2,229
53,12,2,58
54,10,3,456
54,7,4,182
54,2,4,466
55,2,4,70
55,4,1,247
55,5,2,375
55,11,3,482
55,12,1,43
56,6,2,145
56,12,4,309
56,7,2,107
57,7,2,256
57,10,3,255
57,4,3,361
57,8,1,480
57,3,4,481
58,3,4,373
58,2,3,253
58,8,3,121
58,6,4,456
58,5,4,74
59,6,4,160
59,10,1,309
59,5,1,486
59,11,4,446
59,1,3,417
60,4,3,367
60,11,2,341
60,12,1,482
61,5,4,37
62,2,3,402
62,5,4,109
63,6,3,487
63,9,4,432
63,11,3,402
63,5,3,431
63,3,1,259
64,11,4,453
64,12,3,66
65,9,3,364
65,2,3,319
65,8,4,441
66,11,2,261
67,6,3,352
67,10,4,79
67,4,2,43
67,2,1,175
67,8,4,79
68,3,2,473
68,7,4,355
68,8,1,446
68,6,4,335
68,11,4,500
69,4,2,457
69,8,3,70
69,11,3,298
70,7,3,117
71,11,2,348
72,1,3,144
73,2,2,320
73,9,2,436
74,10,3,459
74,1,2,86
75,2,1,87
75,11,1,203
76,1,1,84
76,3,4,289
76,5,1,401
77,6,4,277
77,9,2,334
77,10,1,392
77,2,3,254
78,8,4,238
79,12,3,331
79,8,2,53
79,2,2,160
79,10,3,215
80,8,4,70
80,9,1,456
80,10,2,240
81,6,1,180
81,8,4,180
81,7,3,211
81,10,2,371
82,2,1,241
83,9,3,363
83,1,1,230
84,12,3,73
84,1,2,99
84,5,4,134
84,10,1,199
85,5,2,433
86,10,1,112
86,11,3,379
86,9,3,491
86,1,3,199
86,5,1,112
87,2,2,212
87,3,4,252
87,1,3,100
87,12,3,179
88,10,1,365
88,2,1,159
88,1,4,358
88,3,4,268
88,9,4,232
89,2,4,289
89,6,3,43
89,7,2,222
89,12,1,23
89,5,2,174
90,5,1,274
90,6,4,109
90,2,2,214
91,9,3,56
91,12,4,461
92,1,4,313
92,8,4,383
92,2,4,168
92,6,1,227
93,10,3,65
93,8,4,452
94,10,4,465
94,7,3,401
94,9,3,133
94,2,3,418
95,11,3,199
95,2,2,140
95,9,1,94
95,10,3,121
95,4,2,328
96,3,4,257
97,8,2,245
97,11,1,260
97,10,4,343
97,6,3,427
97,9,3,322
98,2,1,208
98,5,3,59
98,8,1,334
98,10,4,256
98,1,1,250
99,6,4,276
99,10,2,51
100,12,2,40
100,2,2,382
100,9,4,244
101,3,4,416
101,6,3,367
101,11,1,424
101,5,3,53
101,7,3,68
102,5,3,61
102,12,2,489
102,10,3,178
102,3,4,86
103,5,4,349
104,2,1,205
104,11,3,112
104,7,2,194
104,9,4,118
104,6,2,90
105,2,1,358
105,9,3,468
105,11,2,325
106,3,2,389
106,10,4,42
107,8,3,405
107,10,4,139
108,8,4,256
108,4,3,418
108,6,4,277
109,4,2,466
109,10,3,46
110,9,1,165
110,2,1,410
110,12,2,159
111,7,2,438
111,2,4,472
112,1,2,217
112,7,1,211
112,9,2,34
112,6,3,496
113,3,3,489
113,12,4,376
113,1,2,408
114,10,3,130
114,1,2,300
114,2,4,76
114,11,3,141
115,4,4,347
116,2,4,325
117,10,1,334
117,4,3,143
117,3,4,115
117,5,1,288
117,7,3,54
118,9,1,345
118,12,4,211
118,1,3,402
118,7,1,202
118,8,1,196
119,10,3,88
120,6,2,435
120,11,2,52
120,3,4,38
120,8,3,123
120,9,1,425
121,5,4,149
121,9,1,405
121,7,2,166
122,5,4,475
122,2,4,400
122,6,4,478
123,8,3,493
123,12,3,430
124,7,2,299
125,2,3,358
126,10,3,248
126,7,1,392
126,3,3,334
126,8,4,160
127,11,4,206
128,1,4,37
128,3,2,54
129,6,1,329
129,7,2,367
129,10,4,209
130,10,2,291
131,11,1,33
131,5,2,275
131,4,4,487
132,5,3,375
132,8,4,122
132,4,1,89
133,12,1,434
133,8,3,361
134,9,3,476
135,6,2,82
135,9,2,425
136,1,4,431
136,6,2,333
136,9,1,53
136,11,3,223
137,7,3,348
137,12,1,250
137,10,4,368
137,2,3,85
137,3,2,413
138,1,2,102
138,2,3,498
138,9,2,197
138,3,3,453
138,5,1,148
139,5,2,323
139,3,2,107
139,12,3,451
139,9,1,442
139,2,1,61
140,5,4,475
140,11,3,348
140,4,3,267
140,7,2,432
140,1,4,172
141,3,4,232
142,6,2,180
142,10,3,395
143,6,1,183
143,9,2,258
144,4,3,216
144,3,4,147
144,2,2,436
144,1,3,498
145,3,4,275
145,8,3,274
146,9,3,44
146,8,1,164
146,4,4,325
146,10,4,166
147,7,2,471
148,6,2,205
148,1,3,57
148,7,4,278
148,11,4,411
149,11,4,211
149,10,3,305
149,2,3,406
149,3,2,121
149,12,4,276
150,3,3,431
151,3,3,496
151,10,3,103
151,9,4,335
151,12,3,323
152,9,1,208
152,8,3,364
152,10,1,233
152,5,3,427
152,11,1,325
153,10,4,95
153,4,2,36
153,1,1,117
153,8,1,245
153,3,3,234
154,7,4,466
154,9,1,381
155,9,4,289
155,6,4,180
156,6,2,146
156,9,3,305
156,12,3,135
156,5,3,414
156,8,3,380
157,6,3,167
157,8,1,313
157,12,4,478
157,9,4,439
158,1,3,493
158,5,4,355
158,2,3,402
159,9,3,90
159,5,1,335
160,4,2,346
160,1,2,46
161,12,2,22
161,8,2,228
161,2,4,264
162,6,1,353
162,5,2,293
162,1,1,487
163,1,4,115
163,7,3,468
164,10,3,165
164,12,4,348
164,2,4,475
165,5,2,394
165,4,4,351
165,2,3,387
165,6,2,27
166,10,2,332
166,11,4,443
166,4,4,283
167,11,4,185
167,2,2,23
167,3,3,216
167,10,2,248
168,5,1,153
168,10,3,374
168,11,2,51
169,5,3,373
169,3,1,347
169,7,3,208
169,9,2,132
170,8,3,232
170,10,4,407
171,4,1,289
171,11,4,290
172,10,1,51
173,10,2,104
173,9,3,457
174,11,2,387
175,9,4,434
176,9,4,308
176,7,1,306
177,12,3,438
177,1,1,401
177,7,2,316
178,6,1,498
178,2,4,36
178,9,3,229
178,1,2,413
179,6,4,61
179,7,2,354
179,8,3,80
179,11,2,295
180,12,1,407
180,4,1,172
181,7,4,197
181,9,2,161
181,12,2,499
181,4,1,36
181,11,4,334
182,4,1,324
182,2,1,248
183,4,1,225
184,4,2,437
184,1,3,315
184,3,3,141
184,9,3,468
184,5,2,358
185,5,2,340
185,12,4,304
185,1,4,44
185,9,3,349
186,6,4,114
186,7,4,143
186,11,2,173
186,3,2,432
186,5,4,488
187,7,4,144
187,9,3,124
187,11,3,351
187,3,1,492
188,9,2,46
189,10,4,126
189,1,3,175
189,2,1,128
189,4,2,399
189,9,1,402
190,12,2,223
190,10,2,302
191,8,3,204
191,9,4,258
191,6,1,431
191,5,4,409
192,6,2,399
192,7,2,28
192,1,3,303
193,5,2,214
193,3,2,275
193,4,3,151
193,6,4,390
194,3,4,114
194,6,1,288
194,12,1,449
194,10,1,438
195,7,2,451
196,12,2,24
197,6,4,28
197,1,1,292
197,10,4,26
197,8,1,291
198,5,1,490
198,1,1,288
198,9,2,143
198,7,2,337
198,3,3,437
199,2,2,376
199,6,2,173
199,7,1,354
199,8,1,67
200,9,2,62
200,8,4,452
200,1,4,350
200,10,3,309
201,4,2,481
202,5,1,111
202,1,3,28
202,2,2,320
202,12,2,405
203,5,2,308
204,11,2,424
204,9,1,276
204,6,3,47
204,7,1,243
205,10,4,416
205,12,3,35
205,11,3,421
206,6,4,241
206,9,2,368
207,2,1,62
207,10,3,98
207,5,4,384
207,4,2,398
208,2,3,247
208,12,3,409
208,1,3,72
209,7,4,72
209,8,1,65
210,10,3,462
211,7,2,312
211,12,2,370
211,2,4,106
212,5,1,105
212,8,4,161
212,3,4,173
213,5,2,254
213,4,1,89
213,8,3,23
214,7,2,173
214,6,3,328
214,8,2,265
214,11,3,110
214,12,4,183
215,10,3,438
215,4,4,206
215,6,1,497
215,7,2,323
216,1,1,439
216,8,4,364
216,4,4,91
216,11,3,143
216,5,3,357
217,2,4,293
217,8,4,298
217,10,1,424
217,11,3,379
218,2,2,356
219,11,1,308
219,10,4,405
220,1,1,152
221,9,3,220
221,10,4,415
221,11,2,196
221,4,1,267
221,8,1,171
222,12,2,198
223,4,4,69
223,9,4,389
223,8,4,183
223,6,1,173
224,1,3,351
225,12,2,302
225,4,2,189
226,4,4,222
226,7,1,397
226,3,2,250
226,10,4,219
227,4,1,315
227,5,1,429
228,6,1,154
228,4,4,290
228,8,3,325
229,10,4,336
229,2,2,436
229,6,3,490
229,12,1,364
230,4,3,79
231,9,4,325
231,7,2,314
232,8,2,304
232,11,2,270
233,6,1,463
233,8,3,24
234,7,4,229
234,9,4,232
235,3,2,169
235,2,1,160
235,10,2,295
235,1,3,106
236,12,1,157
236,8,3,297
236,9,1,409
236,10,4,299
236,2,2,237
237,5,4,154
237,1,3,461
238,4,2,435
239,12,2,335
239,10,2,421
239,7,2,436
240,6,3,380
240,9,3,168
240,5,3,459
240,11,1,89
240,3,4,490
241,12,2,94
241,3,3,444
242,8,4,212
242,3,4,58
242,10,1,226
242,5,3,375
243,6,4,345
243,10,3,455
243,1,1,427
243,2,4,131
244,5,2,309
244,6,4,423
244,12,3,477
244,11,1,43
245,1,4,20
245,2,4,123
245,3,2,471
245,8,3,101
246,5,2,46
246,2,4,340
246,6,3,391
247,11,2,264
247,2,1,87
247,12,2,285
247,1,4,24
248,2,4,56
248,7,2,216
248,3,1,394
249,6,4,416
249,5,2,348
249,3,2,55
250,10,2,245
251,7,4,460
251,10,2,64
252,10,4,199
253,4,1,147
253,5,3,418
254,4,2,402
254,9,4,171
254,10,1,421
255,2,1,204
255,4,3,87
255,8,4,460
255,12,4,207
256,8,1,320
256,2,1,27
257,1,4,279
258,7,3,62
258,12,3,60
258,11,2,433
258,2,2,294
258,3,3,220
259,5,4,393
260,2,1,252
260,7,1,178
261,2,2,379
261,1,1,103
262,9,3,395
262,5,1,414
262,3,1,191
262,6,4,159
262,10,1,154
263,8,4,281
264,10,3,415
264,3,1,477
264,6,1,136
264,11,1,42
265,8,3,216
266,9,4,134
267,12,3,81
267,6,1,111
267,5,2,431
267,2,1,225
268,5,4,24
268,6,3,122
268,2,3,308
269,8,4,415
269,6,2,395
270,1,1,139
270,7,3,345
271,1,3,73
271,11,2,291
271,7,2,234
272,12,1,42
272,5,2,479
273,8,1,278
273,2,2,346
273,10,4,58
274,7,2,141
275,7,4,159
275,6,2,58
275,11,2,89
276,3,1,104
277,7,3,414
277,2,2,251
277,9,3,257
278,3,3,443
279,1,2,202
279,4,4,282
279,6,1,366
279,3,3,153
279,2,2,35
280,12,1,431
280,9,2,82
280,4,1,51
280,2,2,86
280,8,2,441
281,10,3,489
282,4,4,434
283,2,1,106
283,1,4,440
283,8,4,274
284,3,3,163
284,6,4,472
284,4,2,37
284,12,2,351
285,9,3,216
285,8,2,234
285,1,2,349
285,2,2,342
286,12,4,196
286,6,3,218
286,8,3,112
286,9,1,183
287,5,1,434
288,10,1,146
288,4,2,156
288,3,1,411
289,6,3,432
289,3,3,487
289,11,1,380
289,4,3,310
290,4,4,39
290,8,1,48
290,9,2,328
290,5,2,30
290,3,4,20
291,3,2,490
291,6,3,50
292,12,1,211
292,3,4,320
292,2,1,192
292,9,3,185
292,6,2,100
293,11,3,134
293,6,2,213
293,3,3,395
293,9,3,85
294,7,2,347
294,10,1,499
294,1,4,92
294,3,3,401
294,6,1,141
295,11,3,248
295,2,1,155
296,6,3,422
297,7,4,395
298,8,4,71
298,7,4,423
298,6,2,103
298,9,4,57
299,6,3,73
300,7,1,300
300,3,1,193
301,12,4,100
301,1,1,71
301,7,3,125
301,3,2,229
302,5,1,45
302,11,4,312
302,12,4,98
302,10,1,204
302,4,1,238
303,8,2,346
303,4,3,61
303,2,4,452
303,1,1,177
303,11,4,261
304,2,4,114
304,11,3,473
304,9,4,209
305,5,4,258
306,10,1,63
306,1,3,433
306,3,4,407
307,1,2,263
307,7,3,60
307,9,4,482
307,11,1,277
307,8,2,81
308,3,2,84
308,4,1,236
309,4,3,486
309,11,1,64
309,3,4,304
309,5,4,302
310,8,1,232
310,1,2,95
310,10,1,493
310,9,1,308
310,7,1,422
311,7,4,312
311,5,4,39
311,12,2,161
312,10,3,373
312,11,2,45
312,7,4,491
312,1,3,479
312,12,3,30
313,5,2,88
313,8,3,400
313,2,4,416
314,10,4,128
314,11,4,399
314,2,4,408
314,4,3,440
315,2,4,89
315,5,1,108
316,4,1,253
317,5,4,278
317,6,4,345
318,4,3,270
319,8,3,196
319,10,2,448
320,5,1,217
321,4,4,282
321,12,1,462
321,11,1,262
321,10,2,351
321,5,2,327
322,10,4,478
322,5,4,456
322,11,3,255
323,5,1,23
323,11,3,307
323,9,3,172
323,7,1,266
324,11,3,355
324,6,3,116
324,5,2,284
325,10,4,358
326,12,4,171
326,1,3,484
327,12,3,391
327,1,2,371
327,10,4,484
327,4,3,279
328,3,3,391
328,5,2,368
328,2,3,355
328,8,1,133
328,12,3,134
329,6,4,455
329,12,1,260
329,5,1,463
329,10,1,261
330,11,4,291
331,3,2,122
332,8,4,190
332,3,2,180
332,6,1,22
332,11,4,160
332,2,2,409
333,3,4,226
333,8,4,264
333,2,4,22
333,12,1,293
333,7,2,394
334,9,1,340
334,4,2,135
334,1,3,179
335,9,1,441
335,10,1,172
335,5,3,253
335,3,3,242
336,8,2,484
336,6,4,29
336,4,2,134
337,12,2,83
337,1,3,384
338,11,1,358
338,5,1,354
338,9,1,44
338,1,1,233
339,9,3,262
340,12,1,174
340,11,4,358
341,5,1,281
341,10,1,164
341,11,1,421
341,3,1,274
341,7,2,331
342,4,1,300
342,6,4,486
342,7,2,372
342,5,4,189
342,3,2,21
343,2,4,96
344,12,1,483
345,8,3,257
345,5,1,71
346,6,4,398
346,11,1,68
346,12,1,24
347,6,4,338
347,12,3,469
348,6,4,224
348,3,4,159
348,2,4,373
349,2,1,452
349,3,2,73
350,10,4,418
350,11,3,333
350,8,1,461
350,3,2,267
351,8,3,26
351,1,2,362
351,2,3,285
351,5,1,241
352,6,1,25
352,11,2,278
352,7,4,456
352,3,4,465
353,6,1,279
353,4,2,301
353,12,4,226
353,5,2,60
354,8,1,274
354,2,1,72
354,12,4,231
354,10,1,305
354,6,1,442
355,11,4,194
355,5,3,442
355,9,1,438
355,10,2,452
355,4,4,189
356,8,1,408
356,11,2,21
356,6,3,201
356,12,3,300
356,2,3,379
357,8,4,74
357,3,3,332
358,7,2,254
359,7,1,494
360,2,4,22
360,8,1,303
360,11,4,449
360,9,4,493
360,3,2,374
361,2,3,278
361,7,4,234
362,5,3,170
362,7,4,432
363,10,3,384
363,9,2,122
363,5,2,339
363,11,3,371
364,12,2,277
364,11,3,383
365,8,4,433
365,10,1,287
365,11,1,32
365,7,4,94
365,5,1,363
366,3,2,449
366,5,1,373
366,11,3,124
367,6,4,72
368,4,3,374
368,11,1,494
368,9,4,218
368,7,4,423
368,12,3,302
369,4,2,486
369,10,3,406
369,8,2,417
370,8,2,108
370,3,1,213
370,2,1,239
371,3,3,22
371,12,3,258
371,10,2,40
372,1,3,57
372,11,3,289
372,10,2,114
372,5,1,422
372,8,2,232
373,2,3,189
373,6,3,170
373,4,2,405
373,10,4,307
374,2,3,248
375,10,1,217
375,4,3,296
375,1,3,32
375,6,3,283
375,7,4,269
376,6,1,69
376,9,2,415
377,11,1,127
378,11,1,125
378,7,4,351
379,1,3,39
379,8,1,57
380,9,2,486
380,2,3,228
380,10,4,250
381,6,1,348
381,1,1,407
381,7,1,378
381,2,1,203
382,11,1,164
382,5,4,215
382,10,4,440
383,3,4,427
383,9,3,344
383,4,2,172
383,12,3,25
384,2,1,313
384,1,4,295
385,4,4,483
385,6,2,102
385,12,2,133
386,2,1,455
386,3,4,350
387,11,1,121
387,2,4,189
387,5,3,85
388,2,1,480
388,5,2,182
389,10,2,309
389,11,3,433
389,5,3,239
390,4,3,450
390,12,3,88
390,7,3,469
391,6,1,109
391,5,1,450
391,8,3,459
391,9,2,476
392,12,1,476
392,11,1,454
392,2,1,436
393,10,3,298
393,4,4,354
393,1,2,207
393,9,4,134
394,3,1,223
394,8,3,277
394,9,1,359
395,9,4,101
395,3,2,309
396,12,3,40
396,8,2,409
397,5,3,139
398,9,4,260
398,6,4,471
399,2,3,316
399,9,2,212
399,5,4,207
400,9,3,212
401,6,1,276
401,12,2,245
401,8,2,137
401,10,1,283
402,3,2,205
402,12,1,358
403,12,4,265
403,2,2,322
403,8,2,351
404,1,2,88
404,3,1,476
405,3,3,492
406,10,1,130
406,12,4,330
406,1,4,464
406,5,4,107
407,3,2,390
407,10,3,492
407,12,4,325
407,9,1,137
407,5,4,217
408,4,4,443
409,3,4,481
410,9,1,67
411,10,1,479
411,9,4,287
412,12,4,137
413,10,4,88
413,12,3,264
413,2,2,485
414,9,1,315
414,7,1,286
414,5,1,212
414,4,2,372
414,1,3,229
415,7,3,153
415,11,4,309
416,11,4,302
416,7,4,111
416,4,3,306
417,5,4,396
417,10,2,457
417,6,1,402
418,2,4,422
418,4,3,430
419,3,4,345
420,8,4,65
420,10,1,154
421,10,1,390
422,11,4,244
422,9,1,123
422,5,3,119
422,1,1,421
422,3,2,334
423,6,2,355
424,5,4,200
425,10,1,490
425,4,1,301
425,9,3,391
425,1,3,197
426,4,2,228
426,8,1,306
426,7,1,277
426,1,3,194
426,5,1,431
427,10,2,407
427,5,3,417
427,8,4,368
427,7,4,479
427,12,1,266
428,7,2,366
429,7,1,378
429,6,3,147
429,9,3,67
430,2,4,180
430,9,3,131
430,3,3,113
431,8,2,396
431,4,2,466
432,4,3,99
432,12,1,81
433,10,4,210
433,1,3,272
433,9,3,271
433,11,2,411
434,4,4,264
434,10,1,277
434,3,3,221
434,1,2,254
435,8,4,317
435,6,1,186
435,1,3,333
435,10,3,115
435,4,3,141
436,6,2,234
436,12,3,206
436,3,4,163
436,8,4,112
436,7,2,314
437,12,3,431
438,7,4,432
438,4,1,110
438,3,4,275
438,10,2,477
439,12,1,223
439,6,1,373
439,8,2,50
439,5,2,436
439,9,3,263
440,12,3,306
440,6,3,196
440,5,1,230
440,11,1,199
441,10,2,419
441,12,3,201
442,8,4,343
442,12,2,464
442,2,2,347
442,7,3,235
442,5,4,454
443,6,3,182
443,4,3,383
444,5,4,231
444,8,2,114
444,6,1,84
444,9,2,358
445,4,2,223
446,8,1,33
447,2,4,178
447,12,2,146
447,5,3,246
447,3,2,87
447,11,2,34
448,6,3,300
448,8,4,89
448,11,2,322
449,7,4,296
449,9,2,432
449,11,1,246
449,5,3,207
449,6,4,153
450,1,2,196
451,1,4,428
451,8,3,325
451,11,2,427
451,5,1,300
451,12,3,116
452,7,4,132
452,4,3,60
452,3,4,340
452,12,2,284
453,5,3,231
453,11,2,456
453,9,1,113
454,11,4,336
455,8,1,293
455,4,1,115
455,6,1,164
455,1,3,84
455,3,4,392
456,3,1,272
457,5,1,189
457,8,1,451
457,6,2,48
457,11,3,417
458,8,1,82
458,3,2,217
458,4,4,146
458,5,1,121
458,7,4,396
459,11,3,101
459,4,1,401
459,8,1,149
459,7,4,346
459,5,3,121
460,2,4,186
460,4,1,105
461,7,2,24
462,12,1,147
462,10,2,275
462,3,1,371
462,6,3,496
463,1,3,350
464,2,3,432
464,3,4,395
464,8,2,30
464,4,4,203
464,6,2,148
465,9,2,310
465,5,2,298
465,12,3,185
465,8,4,160
466,2,2,250
466,9,3,439
467,8,4,395
467,1,2,472
467,9,1,337
468,6,4,117
468,2,4,412
469,5,1,287
469,6,1,42
469,7,2,111
469,11,1,123
469,2,1,268
470,10,4,356
471,12,2,330
471,10,1,26
471,5,2,355
471,1,4,495
471,6,1,259
472,9,1,441
472,7,3,290
472,6,1,395
473,4,1,71
474,7,2,305
474,4,4,402
474,11,1,412
474,9,3,365
474,10,4,379
475,3,2,301
476,11,4,497
476,3,3,482
476,9,3,301
477,11,2,212
477,7,3,204
477,6,4,249
477,4,4,20
478,10,2,475
478,1,3,23
478,9,3,133
479,12,3,490
480,10,4,202
480,12,2,90
480,3,3,207
480,2,2,139
480,1,3,435
481,7,4,108
481,10,4,442
481,4,1,324
481,2,3,39
481,6,4,60
482,6,1,465
482,7,2,402
482,11,1,344
483,1,3,296
483,5,2,187
483,9,2,98
483,12,1,364
484,10,2,241
484,12,3,422
484,9,4,95
484,2,2,192
485,12,1,224
485,1,4,416
485,9,2,410
485,7,2,266
485,5,2,269
486,4,2,56
486,9,3,417
486,10,4,185
486,11,1,77
486,12,4,236
487,6,1,414
487,12,3,106
488,10,2,122
488,3,3,99
488,8,1,77
488,1,1,144
489,1,3,250
489,6,4,31
489,2,3,127
490,4,3,300
490,9,4,338
491,7,1,150
492,4,1,258
492,10,1,54
492,5,4,358
493,2,4,138
493,1,4,280
493,5,1,482
494,9,1,40
494,2,2,492
494,3,3,190
494,4,4,221
494,8,2,29
495,6,2,276
495,11,3,435
495,5,1,340
496,9,3,135
497,11,2,233
497,3,2,313
497,2,2,238
497,7,3,485
498,9,2,461
498,3,2,178
498,4,2,240
498,11,2,355
499,2,1,114
499,9,3,449
499,11,2,392
500,7,2,418
500,5,2,74
500,8,2,114
500,11,1,410
501,10,2,325
501,12,2,138
501,11,1,203
502,3,3,114
502,9,4,271
502,10,4,90
502,8,2,118
503,1,2,407
503,5,2,53
503,7,2,494
503,4,4,463
504,8,4,417
504,4,1,331
504,7,4,388
505,12,1,251
505,10,4,443
505,11,1,469
505,9,2,285
505,1,4,396
506,9,3,245
506,11,4,472
506,1,3,416
506,4,3,256
507,10,2,257
507,1,4,66
507,9,1,112
508,3,1,111
508,7,4,322
508,11,2,471
508,6,4,66
508,8,3,185
509,12,1,78
509,2,4,344
510,12,4,42
510,7,2,487
510,9,3,309
510,3,2,103
510,11,2,111
511,7,3,178
512,11,2,123
512,3,1,338
512,2,3,26
513,9,2,131
513,1,4,252
513,10,4,246
513,8,1,327
514,9,2,45
514,5,2,95
515,1,3,189
515,3,1,45
515,12,1,233
516,10,2,253
516,11,3,496
516,12,1,67
517,6,4,451
517,7,1,169
517,2,4,88
518,6,2,376
518,9,2,333
518,7,1,75
519,2,3,152
519,8,3,494
519,10,2,334
519,5,4,286
519,7,4,272
520,12,2,20
520,5,1,32
521,12,2,429
522,1,2,25
522,6,2,373
522,11,3,150
522,9,1,177
523,6,4,390
523,1,1,446
523,2,2,119
523,12,3,446
523,9,3,492
524,1,2,341
524,11,4,476
524,3,3,256
524,8,4,495
525,5,2,315
525,10,3,429
525,6,3,53
525,9,2,163
525,1,1,193
526,3,1,462
526,10,3,381
526,11,3,383
526,7,1,159
526,12,4,64
527,8,3,109
527,5,1,211
527,4,1,418
528,9,2,117
528,1,3,492
528,8,4,395
528,12,3,417
529,9,2,125
530,7,3,497
530,9,1,371
530,2,1,190
530,1,4,475
531,11,3,122
531,5,2,166
531,1,3,292
531,12,3,415
531,4,4,363
532,3,1,27
532,5,1,125
533,6,2,56
533,5,3,333
533,3,3,296
533,11,4,45
533,4,2,34
534,2,4,47
535,3,3,179
535,10,3,438
535,11,2,385
535,8,1,492
536,3,3,370
536,2,4,260
536,8,2,134
536,11,2,460
536,10,3,487
537,12,3,423
537,11,3,252
538,8,1,199
539,5,2,280
539,6,1,227
540,9,3,292
540,11,4,225
540,2,4,142
541,3,2,436
541,8,4,421
541,7,4,310
541,2,3,298
541,6,2,108
542,12,4,78
543,6,2,177
543,9,4,55
543,2,1,370
543,8,4,187
544,2,2,438
545,3,2,251
546,10,2,368
546,12,3,173
546,8,3,490
546,4,4,387
547,1,3,51
547,10,3,481
547,9,1,20
547,7,3,76
547,3,3,463
548,12,4,227
548,10,4,242
548,7,2,359
548,6,2,263
549,7,2,88
549,6,1,56
549,12,1,93
549,3,4,356
549,5,4,89
550,8,4,280
550,10,4,302
550,7,4,216
550,3,3,135
551,1,4,494
551,10,3,37
551,8,1,310
551,4,4,380
551,5,3,77
552,3,3,258
553,10,3,333
553,2,1,482
553,4,3,293
553,8,1,260
553,11,4,282
554,7,3,105
554,6,1,375
554,5,3,392
555,11,4,316
556,11,3,434
557,5,4,62
558,5,3,87
559,5,2,485
559,1,2,357
559,2,4,209
560,8,1,195
560,3,1,94
561,7,2,127
561,12,3,47
561,4,3,406
561,8,1,46
562,8,2,214
562,5,4,262
562,12,3,94
562,9,4,26
563,11,1,489
563,6,3,452
563,9,4,332
563,1,3,191
564,5,4,256
565,12,2,286
565,11,3,366
566,9,1,26
566,1,4,70
566,11,1,370
567,12,3,118
567,5,1,32
568,10,2,326
569,2,2,212
570,3,4,358
570,2,1,347
570,12,4,492
570,5,3,413
570,9,4,374
571,3,1,215
571,2,4,190
571,5,1,152
572,2,2,350
572,8,4,75
572,4,2,296
572,7,4,131
573,8,3,72
574,10,3,417
575,3,4,156
575,11,2,378
575,1,3,483
575,10,4,314
576,8,2,21
576,7,4,372
576,11,4,82
576,2,3,190
577,1,3,61
577,11,4,409
577,2,3,351
577,6,2,110
578,11,1,342
578,4,3,269
578,5,1,473
578,7,4,396
579,4,1,388
580,7,4,293
580,2,4,28
580,9,1,193
580,5,1,192
581,2,2,399
581,4,2,493
581,9,1,38
581,8,2,270
582,10,1,108
582,1,1,483
582,4,3,440
582,3,1,253
583,2,1,431
583,12,2,238
583,11,3,435
583,8,4,186
583,4,1,370
584,6,1,323
584,4,2,191
585,3,3,303
585,7,2,244
585,12,2,493
586,2,4,418
586,11,2,28
587,1,2,494
588,5,2,347
588,7,3,287
588,8,4,230
588,3,2,500
588,4,2,332
589,3,3,234
589,8,1,305
589,10,2,118
589,2,1,291
589,5,1,336
590,4,2,77
590,8,2,370
590,12,4,274
590,5,2,101
590,1,1,47
591,4,3,335
591,7,4,42
591,5,1,399
592,3,4,283
592,1,1,56
593,10,2,418
593,6,1,186
593,7,2,70
593,4,2,397
593,11,4,465
594,2,4,47
594,8,4,94
595,3,4,388
595,7,2,343
595,6,3,158
595,12,2,191
596,1,4,234
596,5,2,409
596,3,3,132
596,2,3,329
596,8,2,424
597,10,2,64
597,9,4,458
598,10,4,162
598,8,1,393
599,6,2,476
599,7,2,487
600,1,1,237
600,12,4,265
600,8,1,251
600,9,4,143
601,12,4,131
602,4,1,265
602,11,3,102
602,2,4,459
603,8,4,415
604,3,1,217
604,6,3,291
604,8,1,171
604,1,4,405
605,9,1,283
605,10,3,474
605,4,1,76
605,2,4,207
605,6,4,336
606,3,1,307
606,11,2,90
606,9,3,142
607,12,3,200
607,10,3,277
607,4,4,161
607,11,1,52
608,8,4,383
608,9,3,251
608,11,3,429
608,2,1,116
609,7,2,167
610,5,2,274
610,2,2,467
611,5,4,369
612,6,3,116
612,7,1,31
612,8,2,447
612,1,3,230
613,8,4,254
613,10,3,310
613,9,2,479
614,4,3,414
614,8,1,95
614,6,3,165
615,3,2,102
615,9,2,79
615,5,1,182
615,12,2,245
615,11,3,209
616,12,3,249
616,1,2,293
616,6,3,82
616,10,1,227
616,3,4,413
617,3,3,351
617,1,3,262
617,9,3,406
618,10,3,372
618,8,1,394
619,11,1,177
619,9,1,225
620,6,2,318
620,2,2,420
620,12,3,120
620,1,1,62
621,9,4,119
622,10,2,386
622,9,4,209
622,1,4,210
622,6,1,165
622,7,3,199
623,2,3,103
623,4,4,393
623,8,4,91
623,7,1,93
623,10,2,175
624,2,1,23
624,10,4,347
624,7,3,232
625,12,2,446
625,10,4,168
625,3,4,41
625,4,3,447
626,9,1,98
626,8,3,173
626,4,4,83
626,1,3,233
627,1,3,272
627,2,1,326
628,8,1,211
628,10,1,452
628,7,3,103
628,5,1,94
628,12,3,256
629,3,3,234
629,1,3,44
629,5,3,169
630,9,2,412
631,10,2,298
632,5,1,293
632,11,3,441
632,6,2,26
633,6,3,491
633,8,2,72
633,7,2,99
634,9,1,233
634,10,4,489
635,1,3,179
635,8,3,91
636,6,2,85
636,3,2,372
636,5,2,177
636,1,2,127
636,2,2,60
637,2,1,416
638,4,1,36
639,1,1,174
639,8,1,406
639,2,1,420
639,5,1,491
639,12,2,320
640,1,3,316
640,2,3,200
640,3,2,457
641,9,1,70
641,10,1,290
642,3,1,493
642,9,2,491
642,1,4,207
643,8,1,112
643,11,3,214
644,4,4,76
644,7,2,273
644,2,3,380
644,6,3,305
644,10,1,62
645,7,3,253
646,4,4,116
646,9,1,478
646,7,4,500
646,5,3,111
647,11,1,81
647,2,2,222
647,7,4,375
647,8,1,399
648,4,4,82
648,6,2,449
648,12,4,391
649,10,4,268
649,5,3,95
649,7,4,75
649,6,1,148
649,8,4,274
650,1,1,445
650,2,1,275
651,7,3,98
651,10,3,338
652,11,4,425
653,11,3,297
653,8,3,434
653,12,1,411
654,7,4,181
655,1,3,472
655,12,2,271
655,3,4,88
655,9,3,386
656,10,4,357
657,10,1,220
657,8,3,273
657,11,4,335
657,9,3,412
657,3,3,184
658,1,3,214
658,3,1,239
658,6,3,202
658,10,4,199
658,12,1,358
659,11,1,486
659,5,1,464
660,3,3,39
660,1,4,356
660,9,4,310
661,1,1,182
661,8,4,312
661,10,4,185
662,2,4,277
662,11,3,105
662,4,3,206
662,6,4,123
663,9,2,167
664,10,1,387
664,7,1,323
664,4,3,159
665,8,3,278
665,7,3,241
665,4,3,122
665,6,4,225
665,2,3,339
666,3,2,358
666,1,4,157
666,9,4,498
666,12,1,287
666,8,2,206
667,3,3,452
667,11,4,230
668,7,3,350
668,5,2,151
669,7,1,96
669,4,2,34
670,8,1,123
670,9,2,159
670,7,2,34
670,10,3,424
671,3,1,460
671,11,1,180
671,1,3,463
671,8,1,481
671,10,4,479
672,7,2,140
673,2,4,472
673,9,1,141
673,10,1,415
673,11,3,188
673,5,4,432
674,4,2,160
674,3,4,229
674,2,3,461
674,11,1,271
675,6,4,263
676,3,3,440
676,6,3,30
676,8,1,450
677,12,2,149
678,11,2,459
678,6,4,218
678,2,1,485
679,2,2,460
679,4,2,488
679,5,4,343
680,1,4,397
680,5,4,494
680,2,3,387
680,8,4,468
681,9,4,328
681,2,3,252
681,6,1,410
682,11,2,21
682,8,4,122
683,10,2,147
683,2,2,453
683,11,4,425
684,12,3,429
684,3,3,121
684,5,1,232
684,11,3,113
685,4,1,256
685,1,2,154
685,11,2,45
685,9,4,336
685,12,4,327
686,6,2,310
687,7,2,117
687,8,3,167
687,11,4,215
687,2,2,240
687,4,2,327
688,7,4,425
688,3,2,34
689,10,2,209
689,8,4,63
690,6,2,385
690,7,4,382
691,2,1,46
691,12,3,496
691,9,2,261
692,12,3,222
692,1,3,87
692,11,1,317
692,5,2,153
692,7,2,277
693,3,4,92
693,2,3,79
693,6,3,42
693,9,2,275
694,5,3,243
694,12,2,181
694,10,4,411
694,11,2,304
695,1,2,113
695,4,1,260
695,3,3,103
695,12,4,243
696,8,3,383
697,8,3,67
697,2,2,464
697,3,3,112
697,11,2,403
698,11,4,491
698,10,1,146
698,4,4,366
698,1,1,474
698,3,3,33
699,7,3,322
700,1,4,445
700,2,4,252
701,11,3,394
701,1,2,128
701,6,1,430
701,12,3,185
701,8,1,400
702,7,2,414
702,2,4,65
702,12,1,456
702,5,2,103
702,3,4,419
703,2,4,430
703,5,4,396
704,3,4,248
704,6,4,263
704,2,3,308
704,11,4,66
704,4,4,435
705,7,4,67
705,11,1,282
706,11,2,496
706,12,4,289
707,2,4,173
707,5,2,85
707,8,3,450
707,7,2,287
707,12,4,171
708,2,4,68
708,1,4,358
708,9,3,201
708,12,3,319
708,7,1,413
709,12,4,111
710,2,4,468
711,10,3,194
711,8,2,128
711,11,2,60
712,11,1,22
712,2,4,79
712,7,1,107
713,12,3,336
713,7,3,373
713,10,4,431
713,8,3,64
714,4,1,437
715,1,4,352
715,4,2,352
716,4,4,236
716,2,1,79
716,5,2,482
716,8,2,398
716,3,4,268
717,10,4,46
717,4,3,24
717,11,1,342
717,5,4,232
718,12,4,268
718,9,4,138
718,5,1,290
718,1,1,236
718,8,3,303
719,8,4,377
719,2,4,30
719,12,2,167
719,6,2,260
720,9,3,491
720,4,4,87
721,7,2,338
721,11,2,164
721,6,1,361
721,8,4,86
722,10,1,426
722,8,4,272
723,9,1,203
723,1,3,202
724,9,1,192
724,1,4,78
725,9,2,269
726,1,2,456
726,9,1,381
726,5,1,494
727,2,1,441
728,2,2,392
728,3,3,382
728,12,4,410
728,4,4,395
728,6,1,98
729,3,4,232
729,2,1,145
729,4,4,194
730,2,3,386
730,5,4,204
731,3,4,423
731,9,2,90
732,8,4,94
732,9,1,387
732,6,1,63
732,1,3,181
733,1,1,343
733,7,3,234
733,12,4,473
733,3,3,389
734,1,2,378
734,5,4,248
734,9,2,474
735,11,3,63
735,8,1,295
735,6,3,219
735,7,2,286
735,4,3,129
736,5,1,475
736,9,3,143
736,6,3,391
736,3,4,278
736,1,1,394
737,11,1,44
737,9,1,249
737,6,3,313
738,6,2,199
738,4,3,165
738,10,2,385
738,9,4,286
739,6,2,441
740,2,1,67
740,3,1,237
740,7,2,263
740,10,2,248
741,7,3,319
741,10,4,345
741,9,4,245
741,11,4,394
741,12,4,441
742,3,2,253
742,8,4,36
742,11,2,306
742,12,3,491
742,2,1,328
743,6,3,40
744,6,3,211
745,1,1,499
745,3,3,475
745,11,3,130
745,7,2,439
746,2,3,54
747,10,3,420
747,5,4,263
747,12,2,410
747,8,2,278
748,11,1,429
748,8,4,218
748,3,2,480
748,6,4,193
749,12,1,312
749,5,3,307
749,2,1,349
749,3,1,118
750,1,1,81
750,10,2,29
750,9,3,422
750,4,2,145
750,8,4,63
751,7,4,461
751,10,1,194
751,1,4,112
752,6,1,297
752,7,2,166
752,5,2,113
752,2,3,413
752,9,1,98
753,1,3,112
753,10,1,385
754,2,3,152
754,6,4,443
754,3,1,46
754,7,2,142
755,4,1,157
755,8,1,182
755,9,4,303
755,10,4,53
755,7,4,34
756,1,1,146
756,5,2,175
757,2,2,211
757,11,2,420
757,9,2,295
757,4,4,486
758,1,4,444
759,1,4,159
759,12,3,449
760,11,3,43
760,4,2,398
760,10,1,173
761,3,3,469
762,9,3,145
762,6,3,194
762,11,2,255
762,5,3,28
762,8,2,350
763,1,4,410
763,12,4,295
763,3,1,423
763,7,1,295
764,11,3,218
764,2,2,449
764,6,1,83
764,7,4,209
765,4,1,408
766,4,3,433
766,2,2,139
766,10,4,205
767,12,2,440
767,10,4,76
767,4,3,311
767,1,4,107
768,11,2,401
768,12,1,85
768,10,3,497
768,3,2,471
768,2,3,118
769,10,4,348
769,5,1,457
769,9,3,241
769,8,4,160
769,1,1,368
770,6,1,162
770,9,4,292
770,1,4,181
770,4,1,220
771,10,1,397
772,2,3,179
772,4,1,340
772,11,1,34
772,3,4,241
773,5,4,142
773,4,3,446
773,2,1,440
774,2,4,411
774,10,1,340
775,2,1,489
776,12,1,490
776,2,4,48
776,3,3,332
777,2,1,306
778,7,2,462
778,2,1,252
778,10,4,257
778,12,4,470
779,6,1,252
780,4,2,483
780,2,2,346
780,11,3,201
780,1,4,266
780,10,4,115
781,1,2,179
782,11,2,260
782,6,3,328
782,5,3,169
782,9,3,24
782,3,2,49
783,1,2,422
783,7,1,194
783,6,2,361
783,4,4,375
783,9,4,327
784,10,3,103
784,6,1,252
784,12,1,273
784,5,2,491
784,7,1,347
785,8,2,142
785,10,4,396
786,4,3,25
786,7,1,203
786,3,1,304
786,1,1,92
787,11,3,42
787,10,1,121
788,4,2,193
788,5,2,111
789,5,1,445
789,2,2,214
790,4,2,209
790,5,3,358
790,8,2,289
791,2,2,471
792,9,3,182
792,7,4,345
793,10,3,146
793,4,1,342
793,9,3,466
793,5,2,455
793,3,4,127
794,11,4,404
794,10,3,275
794,2,4,111
794,3,3,384
795,12,4,346
795,8,1,126
795,11,2,478
795,5,2,251
796,5,4,312
796,7,2,498
797,2,3,137
797,3,1,258
797,12,3,238
797,5,4,259
797,8,4,229
798,5,2,246
798,7,2,155
798,1,1,203
799,9,1,80
799,12,1,204
799,2,1,299
799,5,2,190
799,4,2,365
800,12,2,381
800,11,2,457
800,5,3,24
801,6,1,261
801,7,2,463
801,11,4,136
802,4,4,389
802,9,4,194
802,10,1,180
802,11,2,239
803,4,1,211
803,8,2,315
803,11,2,176
803,9,1,275
804,4,4,410
804,7,3,186
804,11,1,310
805,6,4,215
805,10,2,220
806,4,4,347
806,8,3,67
806,2,2,73
806,6,2,36
807,1,4,165
807,3,2,139
807,4,3,357
807,2,1,252
808,1,2,76
808,3,2,294
808,6,4,264
808,7,1,219
808,9,2,86
809,12,3,320
809,11,2,277
809,8,4,161
809,3,2,23
810,7,2,289
811,8,1,167
811,12,4,197
811,10,3,220
811,1,2,232
812,12,1,221
812,7,1,142
812,8,2,160
812,11,3,361
812,3,1,377
813,7,1,406
813,9,1,278
813,2,3,229
813,6,4,104
814,1,4,195
814,8,4,458
814,12,2,223
814,2,1,25
814,11,3,78
815,11,4,54
815,8,1,300
815,12,2,385
816,5,1,110
816,3,3,83
816,11,4,106
816,1,1,363
817,3,2,130
817,8,1,477
817,6,2,246
818,11,4,46
818,12,1,44
818,2,4,412
818,7,2,495
818,5,2,211
819,1,4,34
820,11,1,132
820,12,1,428
821,1,1,437
821,7,3,185
822,10,4,500
822,4,4,81
823,6,3,108
824,1,4,132
824,7,1,356
824,4,3,352
825,2,2,230
826,2,3,68
826,9,3,343
826,10,4,367
826,3,2,190
827,11,3,29
827,8,4,215
827,2,2,277
828,4,1,335
829,4,1,50
829,7,2,211
829,12,4,171
830,4,4,398
830,11,3,88
830,1,3,182
830,12,1,286
831,1,3,144
831,4,2,296
831,6,1,484
832,10,3,113
832,7,4,342
833,2,2,84
833,4,1,108
833,1,2,140
833,3,1,238
834,3,4,110
834,4,2,175
834,11,3,315
835,5,1,204
835,8,4,213
836,7,2,439
836,9,4,30
836,10,4,238
836,12,1,408
837,3,4,176
837,9,4,165
837,12,4,307
837,5,4,56
837,7,3,89
838,3,1,26
838,4,3,271
839,12,3,348
839,6,1,229
839,7,1,491
839,8,1,217
840,7,3,280
840,5,4,345
841,11,4,494
842,8,3,343
842,1,1,377
843,5,4,368
843,10,2,150
844,11,4,223
844,3,1,285
844,1,2,468
844,2,4,104
844,9,4,149
845,9,1,75
845,11,3,436
845,7,2,157
845,5,2,496
845,10,4,377
846,8,1,55
846,1,4,288
847,12,2,211
847,7,2,380
847,3,2,121
848,2,2,50
848,8,2,434
848,10,2,152
848,4,4,245
848,3,1,464
849,5,1,213
850,6,1,319
851,11,3,404
851,2,1,360
851,1,1,69
851,10,2,287
852,9,4,192
852,5,3,369
852,8,3,181
852,10,2,204
852,6,4,213
853,6,4,465
853,2,4,391
853,1,2,33
854,5,4,358
854,4,2,21
854,6,3,28
854,8,3,467
854,9,1,433
855,4,1,198
855,10,4,500
855,8,4,357
855,7,1,395
856,4,2,274
856,3,1,174
856,9,4,106
856,10,4,79
856,1,4,359
857,4,1,74
857,3,4,386
858,7,3,360
858,5,4,479
858,4,1,360
859,2,3,213
859,6,4,354
859,4,4,433
859,12,2,134
860,2,3,399
860,12,2,401
860,11,1,313
861,7,3,51
861,10,2,453
861,1,4,236
862,9,2,74
862,11,4,24
863,3,4,368
863,5,4,95
863,4,3,94
864,10,3,178
865,5,4,343
866,12,3,98
866,7,2,454
866,1,2,378
867,8,3,437
867,7,2,31
868,7,3,407
868,11,4,220
868,8,1,290
869,12,4,69
869,4,2,185
869,9,1,455
870,11,4,376
870,3,4,169
870,10,2,127
870,12,2,431
871,6,1,367
872,11,3,262
872,3,2,46
872,1,1,283
872,2,3,323
873,4,4,270
873,1,3,372
873,2,2,354
873,12,4,417
874,8,4,160
875,6,1,82
875,1,4,348
875,2,2,31
875,10,4,160
876,3,2,70
876,7,3,52
876,8,2,227
876,11,1,221
876,5,4,52
877,12,2,461
877,11,2,22
877,2,4,429
877,4,3,82
877,10,1,85
878,2,3,455
878,9,1,63
879,6,4,356
879,9,1,147
879,3,3,43
880,8,3,330
880,3,2,372
880,10,1,359
880,12,1,141
880,6,1,116
881,3,2,322
881,10,3,162
882,2,4,352
882,9,2,224
882,5,4,62
882,10,3,366
883,9,1,342
883,4,3,344
884,12,2,234
884,6,2,181
885,10,2,59
886,2,3,347
886,11,1,205
886,9,3,418
886,7,3,94
886,12,2,160
887,4,2,289
887,7,3,321
887,2,4,68
887,10,3,378
888,5,3,404
888,10,4,112
888,2,3,432
888,1,4,264
888,3,2,152
889,12,3,47
889,3,3,382
889,11,2,367
889,10,4,381
889,7,4,113
890,9,2,176
890,5,1,176
890,11,4,414
890,7,3,452
891,2,2,67
892,2,3,303
893,11,4,283
893,9,1,227
893,3,1,335
893,8,2,486
894,12,1,330
894,9,4,106
894,6,2,109
894,4,1,207
895,1,4,107
895,7,3,77
895,8,3,487
896,2,3,129
896,5,1,397
896,11,4,131
896,8,3,495
896,10,1,498
897,1,3,172
897,6,3,74
897,12,1,199
897,8,2,225
898,7,4,121
899,3,2,413
899,7,3,135
899,2,4,222
899,8,3,173
899,1,3,239
900,2,2,91
900,8,3,402
900,11,4,22
901,2,3,40
901,4,2,222
902,3,2,265
903,7,4,301
904,6,4,87
904,7,1,75
905,6,1,412
905,9,2,46
906,10,3,164
906,1,4,62
906,7,4,146
906,8,2,393
907,5,3,378
907,2,2,361
908,12,2,457
908,2,2,137
908,9,1,87
908,3,4,39
909,7,2,66
909,1,1,214
910,12,2,192
910,11,4,265
910,4,1,281
911,5,1,157
912,12,3,478
912,7,1,113
912,4,1,20
913,4,3,485
913,5,1,240
913,8,2,149
914,5,1,369
914,2,2,189
914,11,3,399
915,10,4,64
915,6,1,86
915,4,1,41
915,5,2,118
915,12,4,493
916,10,2,42
916,6,2,118
916,5,4,301
916,8,3,476
916,4,3,478
917,7,1,267
918,1,3,43
918,3,1,426
918,10,2,399
918,5,4,273
918,11,1,104
919,9,2,114
919,7,1,101
919,11,2,323
919,5,1,470
920,12,3,382
920,9,3,302
920,5,1,107
920,10,2,43
920,4,2,169
921,5,3,467
921,3,1,348
922,2,1,381
922,1,3,389
922,6,2,229
922,10,3,186
922,9,1,340
923,12,2,151
923,5,1,295
924,12,4,354
925,9,3,124
925,4,4,99
925,8,4,138
925,11,4,208
925,6,2,481
926,3,2,311
926,8,4,393
926,12,2,351
926,10,3,30
927,7,2,55
927,11,2,56
928,11,2,392
928,7,1,328
928,2,1,213
928,9,4,30
929,3,2,414
930,11,1,425
930,10,1,425
931,12,2,265
931,2,4,437
931,4,2,177
932,4,3,341
932,1,1,30
933,5,1,487
933,2,2,32
933,9,2,238
933,7,4,95
933,3,3,355
934,11,1,134
934,2,1,164
934,8,3,59
934,3,3,80
935,10,2,111
936,10,2,477
936,3,3,339
936,7,3,198
937,11,1,461
937,6,2,418
937,5,2,183
937,2,2,219
938,2,4,392
939,6,2,113
940,6,4,375
940,8,4,328
940,7,3,90
941,7,4,292
941,9,2,216
941,8,1,317
941,11,4,289
942,12,2,205
942,2,1,124
943,8,3,454
943,3,2,170
943,2,4,93
943,1,4,144
943,6,2,443
944,2,4,395
944,3,1,376
945,12,1,359
946,10,3,92
946,3,1,145
946,1,1,26
946,11,4,96
947,12,4,230
947,3,3,247
947,9,1,166
947,5,1,99
948,10,2,277
949,7,3,490
949,11,3,383
949,8,2,236
949,9,2,159
950,3,2,220
950,4,2,441
950,7,1,438
950,1,4,264
951,7,4,119
951,3,3,75
951,1,1,59
951,6,3,328
952,4,3,103
953,4,1,407
954,4,1,311
954,11,1,308
954,1,4,43
954,12,1,181
954,5,1,178
955,7,3,404
955,9,4,391
955,4,3,86
956,6,4,479
957,9,2,32
958,10,2,369
958,1,4,60
958,5,1,387
958,3,2,472
959,12,3,249
959,3,2,193
960,7,1,98
960,1,4,69
960,12,1,93
960,4,3,300
960,9,1,275
961,3,1,163
961,5,3,200
961,12,1,56
962,5,2,83
962,8,4,40
962,12,3,459
962,11,3,225
963,8,3,211
963,6,1,369
964,5,2,378
964,11,1,99
964,1,1,168
964,10,4,101
965,4,4,467
966,6,4,259
967,2,4,413
967,12,4,122
967,3,4,188
967,11,1,182
968,4,4,39
968,8,2,260
968,2,2,347
968,5,2,183
969,7,2,47
969,1,2,464
969,6,1,408
969,12,4,158
969,8,3,345
970,2,4,61
970,5,3,467
971,9,1,67
971,4,4,195
971,5,3,104
971,3,2,198
972,9,4,441
972,3,1,307
972,7,2,59
972,6,2,185
973,3,4,498
974,2,3,286
974,11,1,250
974,7,2,344
975,2,2,327
975,1,4,130
975,4,3,127
975,10,2,367
975,7,1,209
976,5,4,352
976,9,4,231
976,2,4,200
977,9,4,239
977,6,3,110
977,2,2,297
977,3,4,215
978,11,1,432
978,5,1,65
978,10,1,335
978,2,4,73
979,2,3,456
979,11,4,128
979,8,2,417
979,9,4,302
979,1,4,78
980,6,4,231
981,1,3,157
981,6,3,177
981,4,4,364
981,9,2,22
982,1,2,424
983,6,4,118
983,12,4,444
983,3,1,430
983,7,4,85
983,4,4,392
984,9,2,70
984,3,2,278
984,7,1,343
985,9,2,67
985,3,1,33
985,6,4,25
986,1,1,312
986,10,4,32
987,11,2,354
987,12,2,172
987,6,2,294
987,3,2,391
988,11,1,498
988,1,2,341
988,5,1,346
989,8,1,74
990,3,4,452
990,2,3,487
990,11,2,220
991,7,1,269
992,11,4,475
992,7,3,344
993,5,2,357
993,1,1,80
994,10,2,287
994,12,3,494
994,9,1,118
994,1,1,294
995,3,1,187
995,4,2,132
995,6,1,392
995,2,2,157
995,11,3,266
996,12,4,401
996,9,4,243
996,5,4,492
997,4,3,221
997,11,1,318
998,3,4,472
998,4,4,236
998,8,3,437
999,10,4,239
1000,6,4,105
1000,11,1,281
1000,2,3,320
